# r2	0.568
piece	factor	placements	flat	chiral	solvable	mean_solutions
5a	2.700	144	True	False	0.756	15.53
4a	2.100	144	True	False	0.704	9.09
5b	1.879	72	True	False	0.737	9.89
5c	1.839	36	True	False	0.766	9.39
5d	1.800	96	False	False	0.704	9.37
5n	1.730	192	False	False	0.598	12.00
5m	1.324	96	False	True	0.652	6.69
5g	1.324	96	False	True	0.652	6.69
5e	1.222	96	False	True	0.646	5.59
5i	1.222	96	False	True	0.646	5.59
5l	1.077	48	False	True	0.621	4.44
5f	1.077	48	False	True	0.621	4.44
4b	1.008	72	True	False	0.548	5.07
5q	0.989	96	False	True	0.536	4.51
5o	0.989	96	False	True	0.536	4.51
5p	0.914	192	False	False	0.463	4.86
4e	0.913	96	False	True	0.506	4.80
4f	0.913	96	False	True	0.506	4.80
5s	0.884	36	True	False	0.547	3.11
4g	0.858	72	True	False	0.485	4.27
4c	0.820	36	True	False	0.476	4.39
4d	0.805	64	False	False	0.496	3.76
5h	0.799	36	True	False	0.520	2.74
5u	0.797	36	True	False	0.524	2.68
5k	0.778	96	False	False	0.437	3.33
5r	0.761	72	True	False	0.443	2.85
5t	0.745	96	False	True	0.431	2.95
5v	0.745	96	False	True	0.431	2.95
5j	0.625	48	False	False	0.351	2.03
5x	0.545	48	False	True	0.301	1.43
5w	0.545	48	False	True	0.301	1.43
5y	0.369	9	True	False	0.070	0.19
